Software Engineer,Senior Software Engineer,Principal Software Engineer,,,,
Software Engineer,Senior Software Engineer,Analyst,Software Engineer,Principal Software Engineer,,
Software Engineer,Senior Software Developer,Principal Software Engineer,,,,
Software Engineer,Software Development Manager,Principal Software Engineer,,,,
Senior Engineer,Software Development Manager,Principle Software Engineer,Senior Software Engineer,Software Development Manager,Senior Software Engineer,Principal Software Engineer
Software Engineer,Senior Software Engineer,Principal Software Engineer,,,,
Assistant Engineer,Project Manager,Software Engineer,Senior Software Engineer,Principal Software Engineer,,
Software Engineer,Senior Software Engineer,Lead Software Engineer,Principal Software Engineer,,,
Software Engineer,Senior Software Engineer,Principal Software Engineer,,,,
Software Engineer,Principal Software Engineer,,,,,
Senior Software Engineer,Principal Software Engineer,,,,,
Software Engineer,Application Consultant,Principal Software Engineer,,,,
Lead,Consultant,Senior Software Engineer,Principal Software Engineer,,,
Software Developer,Software Engineer,Senior Software Engineer,Lead Software Engineer,Principal Software Engineer,,
